<keymap version="1" name="Sven" parent="Eclipse (Mac OS X)">
  <action id="ActivateStructureToolWindow" />
  <action id="Back">
    <keyboard-shortcut first-keystroke="meta left" />
  </action>
  <action id="CommentByLineComment">
    <keyboard-shortcut first-keystroke="meta slash" />
    <keyboard-shortcut first-keystroke="meta divide" />
    <keyboard-shortcut first-keystroke="meta 7" />
  </action>
  <action id="Console.TableResult.CopyAggregatorResult" />
  <action id="CopyAbsolutePath" />
  <action id="CopyPaths" />
  <action id="EditorDuplicateLines">
    <keyboard-shortcut first-keystroke="shift meta down" />
  </action>
  <action id="EditorLineEnd">
    <keyboard-shortcut first-keystroke="end" />
    <keyboard-shortcut first-keystroke="ctrl e" />
  </action>
  <action id="EditorLineStart">
    <keyboard-shortcut first-keystroke="home" />
    <keyboard-shortcut first-keystroke="ctrl a" />
  </action>
  <action id="FileChooser.TogglePathBar" />
  <action id="FileChooserList.LevelUp" />
  <action id="Find">
    <keyboard-shortcut first-keystroke="meta f" />
  </action>
  <action id="Forward">
    <keyboard-shortcut first-keystroke="meta right" />
  </action>
  <action id="GotoImplementation">
    <keyboard-shortcut first-keystroke="meta t" />
    <mouse-shortcut keystroke="meta button1" />
  </action>
  <action id="IntroduceConstant">
    <keyboard-shortcut first-keystroke="shift meta c" />
  </action>
  <action id="IntroduceField" />
  <action id="IntroduceVariable">
    <keyboard-shortcut first-keystroke="shift meta v" />
  </action>
  <action id="MoveStatementDown">
    <keyboard-shortcut first-keystroke="meta down" />
  </action>
  <action id="MoveStatementUp">
    <keyboard-shortcut first-keystroke="meta up" />
  </action>
  <action id="NavBar-selectHome">
    <keyboard-shortcut first-keystroke="home" />
    <keyboard-shortcut first-keystroke="ctrl a" />
  </action>
  <action id="PasteMultiple" />
  <action id="Print" />
  <action id="RemoteHostView.CopyPaths" />
  <action id="RenameElement">
    <keyboard-shortcut first-keystroke="meta r" />
  </action>
  <action id="RunAnything">
    <keyboard-shortcut first-keystroke="shift meta p" />
  </action>
  <action id="RunToCursor" />
  <action id="SearchEverywhere">
    <keyboard-shortcut first-keystroke="meta p" />
  </action>
  <action id="SearchEverywhere.NavigateToNextGroup">
    <keyboard-shortcut first-keystroke="page_down" />
  </action>
  <action id="SearchEverywhere.NavigateToPrevGroup">
    <keyboard-shortcut first-keystroke="page_up" />
  </action>
  <action id="WelcomeScreen.CopyProjectPath" />
  <action id="org.intellij.plugins.markdown.ui.actions.styling.ToggleCodeSpanAction" />
</keymap>